{"cookies":[{"name":"CookieConsentPolicy","value":"0:1","domain":"qeagle-dev-ed.my.salesforce.com","path":"/","expires":1700454754.975064,"httpOnly":false,"secure":false,"sameSite":"Lax"},{"name":"LSKey-c$CookieConsentPolicy","value":"0:1","domain":"qeagle-dev-ed.my.salesforce.com","path":"/","expires":1700454754.97521,"httpOnly":false,"secure":false,"sameSite":"Lax"},{"name":"BrowserId","value":"WwQerGiMEe2ue8khyLQOaw","domain":".salesforce.com","path":"/","expires":1700454754.975236,"httpOnly":false,"secure":false,"sameSite":"Lax"},{"name":"BrowserId_sec","value":"WwQerGiMEe2ue8khyLQOaw","domain":".salesforce.com","path":"/","expires":1700454754.975253,"httpOnly":false,"secure":true,"sameSite":"None"},{"name":"CookieConsentPolicy","value":"0:0","domain":"login.salesforce.com","path":"/","expires":1700454755.952124,"httpOnly":false,"secure":false,"sameSite":"Lax"},{"name":"LSKey-c$CookieConsentPolicy","value":"0:0","domain":"login.salesforce.com","path":"/","expires":1700454755.952164,"httpOnly":false,"secure":false,"sameSite":"Lax"},{"name":"session","value":"1668918756118","domain":"login.salesforce.com","path":"/","expires":-1,"httpOnly":false,"secure":true,"sameSite":"None"},{"name":"v0","value":"SFDC%20Network%7C%5BSalesforce.com%20App%5D","domain":".c.salesforce.com","path":"/","expires":-1,"httpOnly":false,"secure":true,"sameSite":"Lax"},{"name":"lastvaliddriver","value":"SFDC%20Network%7C%5BSalesforce.com%20App%5D","domain":".c.salesforce.com","path":"/","expires":1669523556,"httpOnly":false,"secure":true,"sameSite":"Lax"},{"name":"c22","value":"SFDC%20Network","domain":".c.salesforce.com","path":"/","expires":-1,"httpOnly":false,"secure":true,"sameSite":"Lax"},{"name":"cvtdt","value":"SFDC%20Network","domain":".c.salesforce.com","path":"/","expires":1703478757.27836,"httpOnly":false,"secure":true,"sameSite":"Lax"},{"name":"c40","value":"SFDC%20Network","domain":".c.salesforce.com","path":"/","expires":-1,"httpOnly":false,"secure":true,"sameSite":"Lax"},{"name":"v20","value":"Direct%20Landing","domain":".c.salesforce.com","path":"/","expires":-1,"httpOnly":false,"secure":true,"sameSite":"Lax"},{"name":"convertingPageUrl","value":"Direct%20Landing","domain":".c.salesforce.com","path":"/","expires":-1,"httpOnly":false,"secure":true,"sameSite":"Lax"},{"name":"cleared-onetrust-cookies","value":"","domain":".salesforce.com","path":"/","expires":1700668786,"httpOnly":false,"secure":false,"sameSite":"Lax"},{"name":"inst","value":"APP_5g","domain":".salesforce.com","path":"/","expires":-1,"httpOnly":false,"secure":true,"sameSite":"None"},{"name":"rememberUn","value":"false","domain":".salesforce.com","path":"/","expires":1674296989.900024,"httpOnly":false,"secure":true,"sameSite":"None"},{"name":"com.salesforce.LocaleInfo","value":"us","domain":".salesforce.com","path":"/","expires":1674296989.900082,"httpOnly":false,"secure":true,"sameSite":"None"},{"name":"oinfo","value":"c3RhdHVzPUZSRUUmdHlwZT0zJm9pZD0wMEQ1ZzAwMDAwN29SclU=","domain":".salesforce.com","path":"/","expires":1674296989.900115,"httpOnly":false,"secure":true,"sameSite":"None"},{"name":"disco","value":"5g:00D5g000007oRrU:0055g00000B238K:1","domain":".salesforce.com","path":"/","expires":-1,"httpOnly":false,"secure":true,"sameSite":"None"},{"name":"autocomplete","value":"1","domain":".salesforce.com","path":"/","expires":1674296990.109898,"httpOnly":false,"secure":true,"sameSite":"None"},{"name":"sid_Client","value":"g00000B238Kg000007oRrU","domain":"qeagle-dev-ed.my.salesforce.com","path":"/","expires":-1,"httpOnly":false,"secure":true,"sameSite":"None"},{"name":"oid","value":"00D5g000007oRrU","domain":"qeagle-dev-ed.my.salesforce.com","path":"/","expires":1700648990.110045,"httpOnly":false,"secure":true,"sameSite":"None"},{"name":"BrowserId","value":"ZsFWImiMEe2veGE2VHVjXw","domain":".force.com","path":"/","expires":1700454774.683432,"httpOnly":false,"secure":false,"sameSite":"Lax"},{"name":"BrowserId_sec","value":"ZsFWImiMEe2veGE2VHVjXw","domain":".force.com","path":"/","expires":1700454774.683447,"httpOnly":false,"secure":true,"sameSite":"None"},{"name":"sid_Client","value":"g00000B238Kg000007oRrU","domain":"qeagle-dev-ed.file.force.com","path":"/","expires":-1,"httpOnly":false,"secure":true,"sameSite":"None"},{"name":"inst","value":"APP_5g","domain":".force.com","path":"/","expires":-1,"httpOnly":false,"secure":true,"sameSite":"None"},{"name":"CookieConsentPolicy","value":"0:1","domain":"qeagle-dev-ed.file.force.com","path":"/","expires":1700454774.884809,"httpOnly":false,"secure":false,"sameSite":"Lax"},{"name":"LSKey-c$CookieConsentPolicy","value":"0:1","domain":"qeagle-dev-ed.file.force.com","path":"/","expires":1700454774.884912,"httpOnly":false,"secure":false,"sameSite":"Lax"},{"name":"_ga_S6WMKB0ZK3","value":"GS1.1.1669007933.2.0.1669007933.0.0.0","domain":".salesforce.com","path":"/","expires":1703567933.100593,"httpOnly":false,"secure":false,"sameSite":"Lax"},{"name":"_ga","value":"GA1.1.1779302067.1668918759","domain":".salesforce.com","path":"/","expires":1703567933.103826,"httpOnly":false,"secure":false,"sameSite":"Lax"},{"name":"79eb100099b9a8bf","value":"3:false:.salesforce.com","domain":".salesforce.com","path":"/","expires":-1,"httpOnly":false,"secure":true,"sameSite":"None"},{"name":"webact","value":"%7B%22l_vdays%22%3A2%2C%22l_visit%22%3A1669007930278%2C%22session%22%3A1669112982309%2C%22l_search%22%3A%22%22%2C%22l_dtype%22%3A%22SFDC%20Network%22%2C%22l_page%22%3A%22SFDC%3Aus%3Alogin%3Adeveloper%22%2C%22l_page_url%22%3A%22https%3A%2F%2Fc.salesforce.com%2Flogin-messages%2Fpromos.html%22%2C%22counter%22%3A2%2C%22pv%22%3A1%2C%22f_visit%22%3A1668918756413%2C%22seg%22%3A%22non-customer%3Aus%22%2C%22d%22%3A%2270130000000sUW0%22%2C%22developer%22%3A1669007930278%7D","domain":".salesforce.com","path":"/","expires":1700648985,"httpOnly":false,"secure":true,"sameSite":"Lax"},{"name":"sfdc_lv2","value":"KxG83Hz9FA4XM8NUcPvpomgDRqVxmrUJ8QsA2r8+7h7lMv/X7VsEmuPKFDt7tnYbs=","domain":".salesforce.com","path":"/","expires":1703672990.109828,"httpOnly":false,"secure":true,"sameSite":"None"},{"name":"sid","value":"00D5g000007oRrU!AQkAQCO0Mh6nKuR9d1f9tNUlAhoPkXWuuAB883CpXfGiuSFB.MIdIePG14DL5babKfmphswn30HsLPqtV5yg2sbyYjq02xhv","domain":"qeagle-dev-ed.my.salesforce.com","path":"/","expires":-1,"httpOnly":false,"secure":true,"sameSite":"None"},{"name":"clientSrc","value":"183.82.24.56","domain":"qeagle-dev-ed.my.salesforce.com","path":"/","expires":-1,"httpOnly":false,"secure":true,"sameSite":"None"},{"name":"sid","value":"00D5g000007oRrU!AQkAQM2E1PoucdWkdYABed2vXTtkv_8nQLVIpIIuh6Kpp6tTntexKL2GmFON0zCG4a0gUfg48ppDj3kqJmUxTgmCwpBz5a.S","domain":"qeagle-dev-ed.file.force.com","path":"/","expires":-1,"httpOnly":false,"secure":true,"sameSite":"None"},{"name":"clientSrc","value":"183.82.24.56","domain":"qeagle-dev-ed.file.force.com","path":"/","expires":-1,"httpOnly":false,"secure":true,"sameSite":"None"}],"origins":[{"origin":"https://c.salesforce.com","localStorage":[{"name":"webactls","value":"{\"chat\":0,\"kxsfdc\":{\"segs\":\"\"},\"l_cloud\":\"No Cloud\",\"lastvaliddriver\":\"SFDC Network|[Salesforce.com App]\"}"}]}]}